Country,Christians,Muslims,Unaffiliated,Hindus,Buddhists,Folk Religions,Other Religions,Jews,All Religions
 All Countries,"   2,382,750,000","   1,907,110,000","   1,193,750,000","   1,161,440,000","     506,990,000","     429,640,000","      60,990,000","      14,660,000","   7,657,330,000"
 All Countries,"     277,270,000","       4,890,000","      71,270,000","       3,120,000","       4,540,000","       1,300,000","       3,200,000","       6,120,000","     371,700,000"
 All Countries,"     585,850,000","         890,000","      52,430,000","         690,000","         440,000","      11,540,000","       1,070,000","         480,000","     653,390,000"
 All Countries,"     534,970,000","      50,470,000","     148,410,000","       1,710,000","       1,670,000","       1,050,000","         970,000","       1,370,000","     740,600,000"
 All Countries,"      14,600,000","     381,140,000","       2,480,000","       2,350,000","         760,000","       1,350,000","         250,000","       6,380,000","     409,310,000"
 All Countries,"     650,240,000","     329,740,000","      31,330,000","       1,650,000","         170,000","      33,440,000","       2,280,000","          90,000","   1,048,930,000"
 All Countries,"     319,830,000","   1,139,990,000","     887,840,000","   1,151,920,000","     499,410,000","     380,970,000","      53,220,000","         210,000","   4,433,390,000"
Afghanistan,"          40,000","      40,610,000","         <10,000","          10,000","         <10,000","         <10,000","          30,000","         <10,000","      40,720,000"
Albania,"         540,000","       2,640,000","          30,000","         <10,000","         <10,000","         <10,000","         <10,000","         <10,000","       3,220,000"
Algeria,"          70,000","      39,430,000","         740,000","         <10,000","         <10,000","          10,000","         <10,000","         <10,000","      40,270,000"
American Samoa,"          60,000","         <10,000","         <10,000","         <10,000","         <10,000","         <10,000","         <10,000","         <10,000","          60,000"
Andorra,"          70,000","         <10,000","         <10,000","         <10,000","         <10,000","         <10,000","         <10,000","         <10,000","          80,000"
Angola,"      22,190,000","          50,000","       1,270,000","         <10,000","         <10,000","       1,020,000","         <10,000","         <10,000","      24,530,000"
Anguilla,"          10,000","         <10,000","         <10,000","         <10,000","         <10,000","         <10,000","         <10,000","         <10,000","          20,000"
Antigua and Barbuda,"          90,000","         <10,000","         <10,000","         <10,000","         <10,000","         <10,000","         <10,000","         <10,000","         100,000"
Argentina,"      37,420,000","         410,000","       5,320,000","         <10,000","          20,000","         330,000","         120,000","         200,000","      43,830,000"
Armenia,"       3,180,000","         <10,000","          40,000","         <10,000","         <10,000","         <10,000","         <10,000","         <10,000","       3,230,000"
Aruba,"         100,000","         <10,000","         <10,000","         <10,000","         <10,000","         <10,000","         <10,000","         <10,000","         110,000"
Australia,"      15,090,000","         740,000","       6,990,000","         410,000","         720,000","         180,000","         210,000","         120,000","      24,450,000"
Austria,"       6,720,000","         530,000","       1,250,000","         <10,000","          20,000","         <10,000","          10,000","          20,000","       8,580,000"
Azerbaijan,"         260,000","       9,870,000","         <10,000","         <10,000","         <10,000","         <10,000","         <10,000","         <10,000","      10,150,000"
Bahamas,"         360,000","         <10,000","          10,000","         <10,000","         <10,000","         <10,000","         <10,000","         <10,000","         380,000"
Bahrain,"         210,000","       1,020,000","          30,000","         150,000","          50,000","         <10,000","         <10,000","         <10,000","       1,460,000"
Bangladesh,"         520,000","     153,010,000","         <10,000","      13,790,000","       1,040,000","         120,000","         120,000","         <10,000","     168,580,000"
Barbados,"         270,000","         <10,000","         <10,000","         <10,000","         <10,000","         <10,000","         <10,000","         <10,000","         280,000"
Belarus,"       6,650,000","          50,000","       2,690,000","         <10,000","         <10,000","         <10,000","         <10,000","         <10,000","       9,410,000"
Belgium,"       6,590,000","         810,000","       3,370,000","          10,000","          40,000","          30,000","          10,000","          30,000","      10,890,000"
Belize,"         330,000","         <10,000","          30,000","         <10,000","         <10,000","         <10,000","         <10,000","         <10,000","         380,000"
Benin,"       6,010,000","       2,830,000","         600,000","         <10,000","         <10,000","       2,050,000","         <10,000","         <10,000","      11,500,000"
Bermuda,"          50,000","         <10,000","          10,000","         <10,000","         <10,000","         <10,000","         <10,000","         <10,000","          70,000"
Bhutan,"         <10,000","         <10,000","         <10,000","         190,000","         620,000","          20,000","         <10,000","         <10,000","         830,000"
Bolivia,"      11,120,000","         <10,000","         480,000","         <10,000","         <10,000","         100,000","         110,000","         <10,000","      11,830,000"
Bosnia-Herzegovina,"       1,810,000","       1,650,000","          80,000","         <10,000","         <10,000","         <10,000","         <10,000","         <10,000","       3,540,000"
Botswana,"       1,700,000","          20,000","         390,000","         <10,000","         <10,000","         100,000","          10,000","         <10,000","       2,220,000"
Brazil,"     185,430,000","          40,000","      17,620,000","         <10,000","         250,000","       6,680,000","         300,000","         110,000","     210,450,000"
British Virgin Islands,"          30,000","         <10,000","         <10,000","         <10,000","         <10,000","         <10,000","         <10,000","         <10,000","          30,000"
Brunei,"          40,000","         340,000","         <10,000","         <10,000","          40,000","          30,000","         <10,000","         <10,000","         450,000"
Bulgaria,"       5,580,000","         980,000","         320,000","         <10,000","         <10,000","         <10,000","         <10,000","         <10,000","       6,890,000"
Burkina Faso,"       4,930,000","      14,240,000","         110,000","         <10,000","         <10,000","       3,430,000","         <10,000","         <10,000","      22,710,000"
Burundi,"       9,180,000","         290,000","         <10,000","         <10,000","         <10,000","         610,000","         <10,000","         <10,000","      10,080,000"
Cambodia,"          60,000","         320,000","          30,000","         <10,000","      15,690,000","          90,000","         <10,000","         <10,000","      16,210,000"
Cameroon,"      16,750,000","       4,640,000","       1,260,000","         <10,000","         <10,000","         760,000","         650,000","         <10,000","      24,070,000"
Canada,"      24,280,000","       1,030,000","       8,950,000","         610,000","         370,000","         450,000","         430,000","         420,000","      36,550,000"
Cape Verde,"         510,000","         <10,000","          50,000","         <10,000","         <10,000","         <10,000","         <10,000","         <10,000","         570,000"
Cayman Islands,"          50,000","         <10,000","         <10,000","         <10,000","         <10,000","         <10,000","         <10,000","         <10,000","          60,000"
Central African Republic,"       4,770,000","         480,000","          50,000","         <10,000","         <10,000","          50,000","         <10,000","         <10,000","       5,360,000"
Chad,"       6,040,000","       8,090,000","         350,000","         <10,000","         <10,000","         190,000","          20,000","         <10,000","      14,690,000"
Channel Islands,"         130,000","         <10,000","          20,000","         <10,000","         <10,000","         <10,000","         <10,000","         <10,000","         150,000"
Chile,"      16,380,000","          10,000","       1,800,000","         <10,000","          10,000","         270,000","          40,000","          20,000","      18,540,000"
China,"      72,410,000","      28,010,000","     720,100,000","          30,000","     254,700,000","     304,620,000","       9,560,000","         <10,000","   1,389,430,000"
Colombia,"      48,150,000","          10,000","       3,510,000","         <10,000","         <10,000","         430,000","          40,000","         <10,000","      52,160,000"
Comoros,"         <10,000","         940,000","         <10,000","         <10,000","         <10,000","         <10,000","         <10,000","         <10,000","         960,000"
Republic of the Congo,"       4,480,000","          60,000","         410,000","         <10,000","         <10,000","         140,000","          50,000","         <10,000","       5,150,000"
Democratic Republic of the Congo,"      81,520,000","       1,310,000","       1,450,000","          40,000","         <10,000","         620,000","         110,000","         <10,000","      85,060,000"
Cook Islands,"          20,000","         <10,000","         <10,000","         <10,000","         <10,000","         <10,000","         <10,000","         <10,000","          20,000"
Costa Rica,"       4,780,000","         <10,000","         420,000","         <10,000","         <10,000","          40,000","          20,000","         <10,000","       5,270,000"
Ivory Coast,"      10,690,000","       9,040,000","       1,970,000","         <10,000","          10,000","       2,550,000","          40,000","         <10,000","      24,320,000"
Croatia,"       4,010,000","          70,000","         220,000","         <10,000","         <10,000","         <10,000","         <10,000","         <10,000","       4,300,000"
Cuba,"       6,610,000","         <10,000","       2,600,000","          20,000","         <10,000","       1,980,000","         <10,000","         <10,000","      11,230,000"
Cyprus,"         880,000","         300,000","          20,000","         <10,000","         <10,000","         <10,000","         <10,000","         <10,000","       1,220,000"
Czech Republic,"       2,210,000","          20,000","       8,280,000","         <10,000","          20,000","          20,000","         <10,000","         <10,000","      10,560,000"
Denmark,"       4,640,000","         290,000","         680,000","          30,000","          20,000","         <10,000","         <10,000","         <10,000","       5,670,000"
Djibouti,"          20,000","       1,030,000","         <10,000","         <10,000","         <10,000","         <10,000","         <10,000","         <10,000","       1,070,000"
Dominica,"          70,000","         <10,000","         <10,000","         <10,000","         <10,000","         <10,000","         <10,000","         <10,000","          70,000"
Dominican Republic,"       9,930,000","         <10,000","       1,230,000","         <10,000","         <10,000","         100,000","          10,000","         <10,000","      11,280,000"
Ecuador,"      15,490,000","         <10,000","         920,000","         <10,000","         <10,000","          50,000","         <10,000","         <10,000","      16,480,000"
Egypt,"       4,440,000","      90,420,000","         <10,000","         <10,000","         <10,000","         <10,000","         <10,000","         <10,000","      94,870,000"
El Salvador,"       5,870,000","         <10,000","         740,000","         <10,000","         <10,000","          30,000","          20,000","         <10,000","       6,670,000"
Equatorial Guinea,"         770,000","          30,000","          40,000","         <10,000","         <10,000","          10,000","         <10,000","         <10,000","         860,000"
Eritrea,"       4,230,000","       2,460,000","         <10,000","         <10,000","         <10,000","          30,000","         <10,000","         <10,000","       6,730,000"
Estonia,"         500,000","         <10,000","         770,000","         <10,000","         <10,000","         <10,000","         <10,000","         <10,000","       1,280,000"
Ethiopia,"      62,610,000","      36,290,000","          60,000","         <10,000","         <10,000","       2,120,000","          10,000","         <10,000","     101,100,000"
Faeroe Islands,"          50,000","         <10,000","         <10,000","         <10,000","         <10,000","         <10,000","         <10,000","         <10,000","          50,000"
Falkland Islands (Malvinas),"         <10,000","         <10,000","         <10,000","         <10,000","         <10,000","         <10,000","         <10,000","         <10,000","         <10,000"
Fiji,"         630,000","          60,000","         <10,000","         270,000","         <10,000","         <10,000","         <10,000","         <10,000","         980,000"
Finland,"       4,280,000","          70,000","       1,140,000","         <10,000","         <10,000","         <10,000","         <10,000","         <10,000","       5,510,000"
France,"      37,940,000","       5,430,000","      20,830,000","          40,000","         310,000","         250,000","         110,000","         340,000","      65,260,000"
French Guiana,"         240,000","         <10,000","          10,000","         <10,000","         <10,000","          20,000","         <10,000","         <10,000","         280,000"
French Polynesia,"         280,000","         <10,000","          10,000","         <10,000","         <10,000","         <10,000","         <10,000","         <10,000","         300,000"
Gabon,"       1,400,000","         230,000","         110,000","         <10,000","         <10,000","         110,000","          10,000","         <10,000","       1,860,000"
Gambia,"         100,000","       2,260,000","         <10,000","         <10,000","         <10,000","         <10,000","         <10,000","         <10,000","       2,370,000"
Georgia,"       3,690,000","         490,000","          30,000","         <10,000","         <10,000","         <10,000","         <10,000","         <10,000","       4,220,000"
Germany,"      53,190,000","       5,530,000","      21,150,000","          80,000","         230,000","          40,000","         100,000","         220,000","      80,540,000"
Ghana,"      22,330,000","       5,300,000","       1,160,000","         <10,000","         <10,000","       1,500,000","          40,000","         <10,000","      30,350,000"
Gibraltar,"          30,000","         <10,000","         <10,000","         <10,000","         <10,000","         <10,000","         <10,000","         <10,000","          30,000"
Greece,"       9,850,000","         660,000","         690,000","          20,000","         <10,000","          10,000","          10,000","         <10,000","      11,250,000"
Greenland,"          50,000","         <10,000","         <10,000","         <10,000","         <10,000","         <10,000","         <10,000","         <10,000","          60,000"
Grenada,"         120,000","         <10,000","         <10,000","         <10,000","         <10,000","         <10,000","         <10,000","         <10,000","         120,000"
Guadeloupe,"         470,000","         <10,000","          10,000","         <10,000","         <10,000","         <10,000","         <10,000","         <10,000","         490,000"
Guam,"         190,000","         <10,000","         <10,000","         <10,000","         <10,000","         <10,000","         <10,000","         <10,000","         200,000"
Guatemala,"      17,360,000","         <10,000","         720,000","         <10,000","         <10,000","         110,000","          20,000","         <10,000","      18,210,000"
Guinea,"       1,380,000","      10,800,000","         230,000","         <10,000","          10,000","         340,000","         <10,000","         <10,000","      12,760,000"
Guinea-Bissau,"         350,000","         850,000","          80,000","         <10,000","         <10,000","         560,000","         <10,000","         <10,000","       1,840,000"
Guyana,"         580,000","          50,000","          20,000","         200,000","         <10,000","         <10,000","         <10,000","         <10,000","         850,000"
Haiti,"      10,040,000","         <10,000","       1,230,000","         <10,000","         <10,000","         240,000","          30,000","         <10,000","      11,550,000"
Vatican City,"         <10,000","         <10,000","         <10,000","         <10,000","         <10,000","         <10,000","         <10,000","         <10,000","         <10,000"
Honduras,"       7,950,000","          10,000","         950,000","         <10,000","          10,000","         100,000","          60,000","         <10,000","       9,090,000"
Hong Kong,"       1,120,000","         160,000","       4,090,000","          30,000","       1,000,000","         970,000","         110,000","         <10,000","       7,480,000"
Hungary,"       7,680,000","          10,000","       1,970,000","         <10,000","         <10,000","         <10,000","         <10,000","         <10,000","       9,690,000"
Iceland,"         330,000","         <10,000","          10,000","         <10,000","         <10,000","         <10,000","         <10,000","         <10,000","         350,000"
India,"      33,800,000","     213,340,000","         900,000","   1,093,780,000","      10,140,000","       6,540,000","      28,520,000","          10,000","   1,387,030,000"
Indonesia,"      26,930,000","     229,620,000","         240,000","       4,210,000","       1,800,000","         750,000","         360,000","         <10,000","     263,910,000"
Iran,"         100,000","      80,880,000","         100,000","          20,000","         <10,000","         <10,000","         140,000","         <10,000","      81,250,000"
Iraq,"         320,000","      41,430,000","          50,000","         <10,000","         <10,000","         <10,000","          20,000","         <10,000","      41,830,000"
Ireland,"       4,590,000","          80,000","         400,000","          20,000","          10,000","         <10,000","         <10,000","         <10,000","       5,110,000"
Isle of Man,"          80,000","         <10,000","          10,000","         <10,000","         <10,000","         <10,000","         <10,000","         <10,000","          90,000"
Israel,"         180,000","       1,730,000","         280,000","         <10,000","          20,000","          20,000","          10,000","       6,360,000","       8,600,000"
Italy,"      48,720,000","       2,960,000","       8,100,000","         140,000","         150,000","         100,000","          60,000","          50,000","      60,270,000"
Jamaica,"       2,270,000","         <10,000","         500,000","         <10,000","         <10,000","         140,000","          30,000","         <10,000","       2,930,000"
Japan,"       2,190,000","         220,000","      74,780,000","          40,000","      41,380,000","         500,000","       5,550,000","         <10,000","     124,660,000"
Jordan,"         160,000","       7,410,000","         <10,000","          10,000","          30,000","         <10,000","         <10,000","         <10,000","       7,640,000"
Kazakhstan,"       4,130,000","      12,870,000","         720,000","         <10,000","          60,000","          70,000","          20,000","         <10,000","      17,880,000"
Kenya,"      44,460,000","       5,550,000","       1,200,000","          70,000","         <10,000","         780,000","         570,000","         <10,000","      52,630,000"
Kiribati,"         110,000","         <10,000","         <10,000","         <10,000","         <10,000","         <10,000","         <10,000","         <10,000","         110,000"
Kosovo,"         100,000","       1,750,000","         <10,000","         <10,000","         <10,000","         <10,000","         <10,000","         <10,000","       1,860,000"
Kuwait,"         450,000","       2,350,000","         <10,000","         330,000","         180,000","         <10,000","         <10,000","         <10,000","       3,320,000"
Kyrgyzstan,"         620,000","       5,540,000","          30,000","         <10,000","         <10,000","         <10,000","         <10,000","         <10,000","       6,190,000"
Laos,"         110,000","         <10,000","          60,000","         <10,000","       4,630,000","       2,370,000","          50,000","         <10,000","       7,240,000"
Latvia,"       1,160,000","         <10,000","         960,000","         <10,000","         <10,000","         <10,000","         <10,000","         <10,000","       2,130,000"
Lebanon,"       1,740,000","       2,780,000","          10,000","         <10,000","         <10,000","         <10,000","         <10,000","         <10,000","       4,550,000"
Lesotho,"       2,310,000","         <10,000","          70,000","         <10,000","         <10,000","         <10,000","         <10,000","         <10,000","       2,380,000"
Liberia,"       4,480,000","         610,000","          70,000","         <10,000","         <10,000","          30,000","         <10,000","         <10,000","       5,200,000"
Libya,"         200,000","       7,170,000","          10,000","         <10,000","          20,000","         <10,000","         <10,000","         <10,000","       7,420,000"
Liechtenstein,"          40,000","         <10,000","         <10,000","         <10,000","         <10,000","         <10,000","         <10,000","         <10,000","          40,000"
Lithuania,"       2,820,000","         <10,000","         310,000","         <10,000","         <10,000","         <10,000","         <10,000","         <10,000","       3,130,000"
Luxembourg,"         370,000","          10,000","         140,000","         <10,000","         <10,000","         <10,000","         <10,000","         <10,000","         520,000"
Macau,"          40,000","         <10,000","          90,000","         <10,000","         100,000","         340,000","         <10,000","         <10,000","         570,000"
Republic of Macedonia,"       1,100,000","         870,000","          30,000","         <10,000","         <10,000","         <10,000","         <10,000","         <10,000","       2,000,000"
Madagascar,"      23,200,000","         850,000","       2,010,000","          20,000","         <10,000","       1,270,000","          30,000","         <10,000","      27,380,000"
Malawi,"      17,280,000","       2,660,000","         410,000","          10,000","         <10,000","         340,000","          10,000","         <10,000","      20,720,000"
Malaysia,"       3,140,000","      22,070,000","         200,000","       1,940,000","       5,220,000","         730,000","          50,000","         <10,000","      33,360,000"
Maldives,"         <10,000","         350,000","         <10,000","         <10,000","         <10,000","         <10,000","         <10,000","         <10,000","         360,000"
Mali,"         490,000","      19,610,000","         110,000","         <10,000","         <10,000","         530,000","         <10,000","         <10,000","      20,730,000"
Malta,"         400,000","         <10,000","          10,000","         <10,000","         <10,000","         <10,000","         <10,000","         <10,000","         420,000"
Marshall Islands,"          50,000","         <10,000","         <10,000","         <10,000","         <10,000","         <10,000","         <10,000","         <10,000","          50,000"
Martinique,"         400,000","         <10,000","         <10,000","         <10,000","         <10,000","         <10,000","         <10,000","         <10,000","         420,000"
Mauritania,"          10,000","       4,310,000","         <10,000","         <10,000","         <10,000","          20,000","         <10,000","         <10,000","       4,350,000"
Mauritius,"         440,000","         230,000","          10,000","         640,000","         <10,000","         <10,000","         <10,000","         <10,000","       1,330,000"
Mayotte,"         <10,000","         270,000","         <10,000","         <10,000","         <10,000","         <10,000","         <10,000","         <10,000","         270,000"
Mexico,"     118,570,000","         <10,000","       7,240,000","         <10,000","          10,000","          70,000","          20,000","          80,000","     126,010,000"
Federated States of Micronesia,"         130,000","         <10,000","         <10,000","         <10,000","         <10,000","         <10,000","         <10,000","         <10,000","         130,000"
Moldova,"       3,260,000","          30,000","          40,000","         <10,000","         <10,000","         <10,000","         <10,000","          20,000","       3,350,000"
Monaco,"          30,000","         <10,000","         <10,000","         <10,000","         <10,000","         <10,000","         <10,000","         <10,000","          40,000"
Mongolia,"          70,000","         110,000","       1,160,000","         <10,000","       1,730,000","         110,000","         <10,000","         <10,000","       3,190,000"
Montenegro,"         490,000","         130,000","          20,000","         <10,000","         <10,000","         <10,000","         <10,000","         <10,000","         640,000"
Montserrat,"         <10,000","         <10,000","         <10,000","         <10,000","         <10,000","         <10,000","         <10,000","         <10,000","         <10,000"
Morocco,"          20,000","      35,510,000","         <10,000","         <10,000","         <10,000","         <10,000","         <10,000","         <10,000","      35,530,000"
Mozambique,"      16,760,000","       5,000,000","       5,020,000","          10,000","         <10,000","       2,210,000","         <10,000","         <10,000","      29,000,000"
Burma (Myanmar),"       4,040,000","       2,200,000","         260,000","         890,000","      41,440,000","       2,990,000","          90,000","         <10,000","      51,910,000"
Namibia,"       2,600,000","         <10,000","          50,000","         <10,000","         <10,000","         <10,000","         <10,000","         <10,000","       2,670,000"
Nauru,"         <10,000","         <10,000","         <10,000","         <10,000","         <10,000","         <10,000","         <10,000","         <10,000","          10,000"
Nepal,"         170,000","       1,790,000","          90,000","      28,600,000","       3,540,000","       1,290,000","          30,000","         <10,000","      35,490,000"
Netherlands,"       8,070,000","       1,170,000","       7,550,000","         100,000","          50,000","          40,000","          40,000","          30,000","      17,040,000"
New Caledonia,"         230,000","         <10,000","          30,000","         <10,000","         <10,000","         <10,000","         <10,000","         <10,000","         280,000"
New Zealand,"       2,540,000","          80,000","       1,910,000","         120,000","          90,000","          20,000","          40,000","         <10,000","       4,810,000"
Nicaragua,"       5,710,000","         <10,000","         870,000","         <10,000","         <10,000","          90,000","         <10,000","         <10,000","       6,690,000"
Niger,"         200,000","      21,660,000","         170,000","         <10,000","         <10,000","          20,000","         <10,000","         <10,000","      22,040,000"
Nigeria,"      96,080,000","     104,650,000","         790,000","         <10,000","          20,000","       3,050,000","         110,000","         <10,000","     204,690,000"
Niue,"         <10,000","         <10,000","         <10,000","         <10,000","         <10,000","         <10,000","         <10,000","         <10,000","         <10,000"
North Korea,"         500,000","         <10,000","      18,070,000","         <10,000","         380,000","       3,130,000","       3,270,000","         <10,000","      25,350,000"
Northern Mariana Islands,"          50,000","         <10,000","         <10,000","         <10,000","         <10,000","         <10,000","         <10,000","         <10,000","          60,000"
Norway,"       4,230,000","         250,000","         600,000","          30,000","          40,000","         <10,000","          10,000","         <10,000","       5,180,000"
Oman,"         220,000","       2,890,000","          10,000","         190,000","          20,000","         <10,000","          30,000","         <10,000","       3,370,000"
Pakistan,"       3,260,000","     200,490,000","          30,000","       3,990,000","          20,000","          40,000","          30,000","         <10,000","     207,860,000"
Palau,"          20,000","         <10,000","         <10,000","         <10,000","         <10,000","         <10,000","         <10,000","         <10,000","          20,000"
Palestinian territories,"         110,000","       5,250,000","         <10,000","         <10,000","         <10,000","         <10,000","         <10,000","         <10,000","       5,360,000"
Panama,"       3,720,000","          30,000","         200,000","         <10,000","         <10,000","          20,000","          20,000","          20,000","       4,020,000"
Papua New Guinea,"       8,390,000","         <10,000","         <10,000","         <10,000","         <10,000","          40,000","          20,000","         <10,000","       8,460,000"
Paraguay,"       7,390,000","         <10,000","          90,000","         <10,000","         <10,000","         130,000","          10,000","         <10,000","       7,630,000"
Peru,"      31,420,000","         <10,000","       1,010,000","         <10,000","          50,000","         330,000","         110,000","         <10,000","      32,920,000"
Philippines,"     102,320,000","       6,330,000","         110,000","         <10,000","         100,000","       1,750,000","         160,000","         <10,000","     110,780,000"
Poland,"      35,120,000","          20,000","       2,780,000","         <10,000","         <10,000","         <10,000","         <10,000","          10,000","      37,950,000"
Portugal,"       9,370,000","          40,000","         890,000","         <10,000","          20,000","          20,000","         <10,000","         <10,000","      10,360,000"
Puerto Rico,"       3,660,000","         <10,000","          80,000","         <10,000","          10,000","          30,000","         <10,000","         <10,000","       3,790,000"
Qatar,"         310,000","       1,490,000","          20,000","         360,000","          90,000","         <10,000","          10,000","         <10,000","       2,290,000"
Reunion,"         820,000","          40,000","          20,000","          40,000","         <10,000","         <10,000","          10,000","         <10,000","         940,000"
Romania,"      20,320,000","          80,000","          20,000","         <10,000","         <10,000","         <10,000","         <10,000","         <10,000","      20,430,000"
Russia,"     101,900,000","      15,940,000","      21,190,000","          60,000","         170,000","         300,000","          10,000","         200,000","     139,760,000"
Rwanda,"      13,230,000","         310,000","         430,000","         <10,000","         <10,000","         100,000","          30,000","         <10,000","      14,100,000"
St. Helena,"         <10,000","         <10,000","         <10,000","         <10,000","         <10,000","         <10,000","         <10,000","         <10,000","         <10,000"
St. Kitts and Nevis,"          60,000","         <10,000","         <10,000","         <10,000","         <10,000","         <10,000","         <10,000","         <10,000","          60,000"
St. Lucia,"         180,000","         <10,000","          10,000","         <10,000","         <10,000","         <10,000","         <10,000","         <10,000","         190,000"
St. Pierre and Miquelon,"         <10,000","         <10,000","         <10,000","         <10,000","         <10,000","         <10,000","         <10,000","         <10,000","         <10,000"
St. Vincent and the Grenadines,"         110,000","         <10,000","         <10,000","         <10,000","         <10,000","         <10,000","         <10,000","         <10,000","         120,000"
Samoa,"         220,000","         <10,000","         <10,000","         <10,000","         <10,000","         <10,000","         <10,000","         <10,000","         220,000"
San Marino,"          30,000","         <10,000","         <10,000","         <10,000","         <10,000","         <10,000","         <10,000","         <10,000","          30,000"
Sao Tome and Principe,"         170,000","         <10,000","          30,000","         <10,000","         <10,000","         <10,000","         <10,000","         <10,000","         210,000"
Saudi Arabia,"       1,450,000","      30,690,000","         210,000","         440,000","         130,000","          90,000","          80,000","         <10,000","      33,090,000"
Senegal,"         530,000","      15,480,000","         <10,000","         <10,000","         <10,000","         <10,000","         <10,000","         <10,000","      16,020,000"
Serbia,"       7,040,000","         390,000","         260,000","         <10,000","         <10,000","         <10,000","         <10,000","         <10,000","       7,690,000"
Seychelles,"          90,000","         <10,000","         <10,000","         <10,000","         <10,000","         <10,000","         <10,000","         <10,000","         100,000"
Sierra Leone,"       1,460,000","       5,620,000","         <10,000","         <10,000","         <10,000","          60,000","         <10,000","         <10,000","       7,160,000"
Singapore,"       1,040,000","         950,000","         970,000","         380,000","       1,890,000","         140,000","         500,000","         <10,000","       5,870,000"
Slovakia,"       4,640,000","          20,000","         880,000","         <10,000","         <10,000","         <10,000","         <10,000","         <10,000","       5,550,000"
Slovenia,"       1,550,000","          80,000","         380,000","         <10,000","         <10,000","         <10,000","         <10,000","         <10,000","       2,010,000"
Solomon Islands,"         670,000","         <10,000","         <10,000","         <10,000","         <10,000","         <10,000","         <10,000","         <10,000","         680,000"
Somalia,"         <10,000","      12,110,000","         <10,000","         <10,000","         <10,000","         <10,000","         <10,000","         <10,000","      12,140,000"
South Africa,"      43,530,000","       1,010,000","       8,220,000","         540,000","          90,000","         260,000","         180,000","          60,000","      53,890,000"
South Korea,"      15,000,000","         150,000","      23,250,000","          20,000","      10,950,000","         410,000","         110,000","         <10,000","      49,890,000"
Spain,"      36,410,000","       1,610,000","      10,190,000","          40,000","          20,000","          50,000","          20,000","          60,000","      48,400,000"
Sri Lanka,"       1,620,000","       2,340,000","         <10,000","       3,090,000","      15,440,000","         <10,000","         <10,000","         <10,000","      22,510,000"
Sudan,"       2,280,000","      38,430,000","         440,000","         <10,000","         <10,000","       1,200,000","         <10,000","         <10,000","      42,360,000"
Suriname,"         300,000","          80,000","          40,000","         110,000","         <10,000","          30,000","          10,000","         <10,000","         580,000"
Swaziland,"       1,180,000","         <10,000","         130,000","         <10,000","         <10,000","          10,000","         <10,000","         <10,000","       1,330,000"
Sweden,"       6,210,000","         640,000","       2,860,000","          30,000","          60,000","          20,000","          20,000","          10,000","       9,860,000"
Switzerland,"       5,530,000","         440,000","       1,800,000","          40,000","          50,000","         <10,000","          10,000","          20,000","       7,900,000"
Syria,"       1,260,000","      22,590,000","         500,000","         <10,000","         <10,000","         <10,000","         <10,000","         <10,000","      24,350,000"
Taiwan,"       1,350,000","          10,000","       3,190,000","         <10,000","       4,930,000","      10,190,000","       3,610,000","         <10,000","      23,280,000"
Tajikistan,"         150,000","       8,130,000","         130,000","         <10,000","         <10,000","         <10,000","         <10,000","         <10,000","       8,430,000"
Tanzania,"      38,740,000","      20,950,000","       1,000,000","          50,000","         <10,000","         670,000","          20,000","         <10,000","      61,440,000"
Thailand,"         650,000","       4,290,000","         200,000","          80,000","      66,120,000","          60,000","         <10,000","         <10,000","      71,420,000"
Timor-Leste,"       1,520,000","         <10,000","         <10,000","         <10,000","         <10,000","         <10,000","         <10,000","         <10,000","       1,530,000"
Togo,"       3,070,000","       1,020,000","         450,000","         <10,000","         <10,000","       2,680,000","          40,000","         <10,000","       7,260,000"
Tokelau,"         <10,000","         <10,000","         <10,000","         <10,000","         <10,000","         <10,000","         <10,000","         <10,000","         <10,000"
Tonga,"         130,000","         <10,000","         <10,000","         <10,000","         <10,000","         <10,000","         <10,000","         <10,000","         130,000"
Trinidad and Tobago,"         910,000","          80,000","          30,000","         310,000","         <10,000","          30,000","          20,000","         <10,000","       1,370,000"
Tunisia,"          20,000","      11,440,000","          30,000","         <10,000","         <10,000","         <10,000","         <10,000","         <10,000","      11,490,000"
Turkey,"         380,000","      79,090,000","         960,000","         <10,000","          40,000","          30,000","         170,000","          30,000","      80,680,000"
Turkmenistan,"         370,000","       5,340,000","          30,000","         <10,000","         <10,000","         <10,000","         <10,000","         <10,000","       5,740,000"
Turks and Caicos Islands,"          30,000","         <10,000","         <10,000","         <10,000","         <10,000","         <10,000","         <10,000","         <10,000","          40,000"
Tuvalu,"         <10,000","         <10,000","         <10,000","         <10,000","         <10,000","         <10,000","         <10,000","         <10,000","          10,000"
Uganda,"      39,390,000","       5,550,000","         230,000","         140,000","         <10,000","         390,000","          50,000","         <10,000","      45,760,000"
Ukraine,"      36,860,000","         730,000","       5,370,000","          30,000","          20,000","          20,000","         <10,000","          40,000","      43,070,000"
United Arab Emirates,"       1,110,000","       6,420,000","         100,000","         660,000","         210,000","         <10,000","          60,000","         <10,000","       8,560,000"
United Kingdom,"      38,020,000","       3,950,000","      20,070,000","       1,030,000","         380,000","          90,000","         500,000","         270,000","      64,310,000"
United States,"     252,870,000","       3,850,000","      62,310,000","       2,510,000","       4,170,000","         850,000","       2,770,000","       5,700,000","     335,030,000"
U.S. Virgin Islands,"         110,000","         <10,000","         <10,000","         <10,000","         <10,000","         <10,000","         <10,000","         <10,000","         110,000"
Uruguay,"       1,990,000","         <10,000","       1,450,000","         <10,000","         <10,000","          30,000","          10,000","         <10,000","       3,490,000"
Uzbekistan,"         620,000","      30,180,000","         240,000","         <10,000","          10,000","          20,000","         <10,000","          10,000","      31,080,000"
Vanuatu,"         280,000","         <10,000","         <10,000","         <10,000","         <10,000","          10,000","         <10,000","         <10,000","         300,000"
Venezuela,"      29,540,000","         100,000","       3,220,000","         <10,000","         <10,000","         120,000","          30,000","         <10,000","      33,010,000"
Vietnam,"       8,070,000","         180,000","      28,760,000","         <10,000","      15,560,000","      43,360,000","         390,000","         <10,000","      96,320,000"
Wallis and Futuna,"          10,000","         <10,000","         <10,000","         <10,000","         <10,000","         <10,000","         <10,000","         <10,000","          10,000"
Western Sahara,"         <10,000","         610,000","         <10,000","         <10,000","         <10,000","         <10,000","         <10,000","         <10,000","         610,000"
Yemen,"          50,000","      32,060,000","          30,000","         200,000","         <10,000","         <10,000","         <10,000","         <10,000","      32,360,000"
Zambia,"      17,510,000","         110,000","         100,000","          20,000","         <10,000","          60,000","         170,000","         <10,000","      17,970,000"
Zimbabwe,"      12,720,000","         140,000","       1,110,000","         <10,000","         <10,000","         580,000","          40,000","          10,000","      14,610,000"
South Sudan,"       7,530,000","         770,000","          60,000","         <10,000","         <10,000","       4,090,000","         <10,000","         <10,000","      12,450,000"
Curacao,"         160,000","         <10,000","         <10,000","         <10,000","         <10,000","         <10,000","         <10,000","         <10,000","         170,000"
Sint Maarten,"          50,000","         <10,000","         <10,000","         <10,000","         <10,000","         <10,000","         <10,000","         <10,000","          50,000"
Caribbean Netherlands,"          20,000","         <10,000","         <10,000","         <10,000","         <10,000","         <10,000","         <10,000","         <10,000","          20,000"